timestamp,fan,ac,light,fridge,washing_machine,total_wh
2024-01-01 00:00:00,81.66,0.0,52.23,150.69,0.0,284.58
2024-01-01 01:00:00,84.05,0.0,54.64,156.32,0.0,295.01
2024-01-01 02:00:00,227.13,0.0,70.48,167.83,0.0,465.44
2024-01-01 03:00:00,86.98,0.0,196.41,127.49,0.0,410.88
2024-01-01 04:00:00,93.3,0.0,54.23,166.5,0.0,314.03
2024-01-01 05:00:00,84.48,0.0,60.91,157.1,0.0,302.49
2024-01-01 06:00:00,74.75,0.0,0.0,137.43,0.0,212.18
2024-01-01 07:00:00,76.26,0.0,0.0,148.26,0.0,224.52
2024-01-01 08:00:00,64.12,0.0,0.0,162.84,445.47,672.43
2024-01-01 09:00:00,84.28,0.0,0.0,162.95,556.83,804.06
2024-01-01 10:00:00,69.65,1797.2,0.0,139.29,565.11,2571.25
2024-01-01 11:00:00,84.68,1523.68,0.0,135.35,572.77,2316.48
2024-01-01 12:00:00,57.78,1684.57,0.0,131.36,0.0,1873.71
2024-01-01 13:00:00,65.6,1441.26,0.0,145.27,0.0,1652.13
2024-01-01 14:00:00,90.67,1426.27,0.0,144.57,0.0,1661.51
2024-01-01 15:00:00,70.35,1605.09,0.0,148.29,0.0,1823.73
2024-01-01 16:00:00,89.08,836.54,0.0,132.1,0.0,1057.72
2024-01-01 17:00:00,66.35,1466.55,0.0,110.72,0.0,1643.62
2024-01-01 18:00:00,74.66,1482.82,62.48,162.61,0.0,1782.57
2024-01-01 19:00:00,54.13,1836.56,60.04,136.09,0.0,2086.82
2024-01-01 20:00:00,59.03,1435.25,53.86,128.74,0.0,1676.88
2024-01-01 21:00:00,72.67,1825.5,64.9,165.03,0.0,2128.1
2024-01-01 22:00:00,63.06,1336.02,59.93,125.51,0.0,1584.52
2024-01-01 23:00:00,73.85,0.0,66.15,148.73,0.0,288.73
2024-01-02 00:00:00,82.77,0.0,67.24,156.53,0.0,306.54
2024-01-02 01:00:00,74.97,0.0,58.24,144.07,0.0,277.28
2024-01-02 02:00:00,74.66,0.0,57.46,113.13,0.0,245.25
2024-01-02 03:00:00,82.79,0.0,62.73,143.93,0.0,289.45
2024-01-02 04:00:00,80.16,0.0,72.0,145.06,0.0,297.22
2024-01-02 05:00:00,75.03,0.0,67.51,138.1,0.0,280.64
2024-01-02 06:00:00,78.01,0.0,0.0,118.72,0.0,196.73
2024-01-02 07:00:00,68.27,0.0,0.0,120.12,0.0,188.39
2024-01-02 08:00:00,67.42,0.0,0.0,170.64,461.95,700.01
2024-01-02 09:00:00,71.44,0.0,0.0,116.11,523.45,711.0
2024-01-02 10:00:00,78.65,1684.21,0.0,151.83,444.76,2359.45
2024-01-02 11:00:00,73.02,1478.17,0.0,153.89,483.97,2189.05
2024-01-02 12:00:00,72.7,1412.67,0.0,146.58,0.0,1631.95
2024-01-02 13:00:00,70.84,1213.0,0.0,180.49,0.0,1464.33
2024-01-02 14:00:00,72.4,1403.66,0.0,135.74,0.0,1611.8
2024-01-02 15:00:00,89.43,1635.6,0.0,162.02,0.0,1887.05
2024-01-02 16:00:00,60.02,1637.85,0.0,153.08,0.0,1850.95
2024-01-02 17:00:00,82.63,1601.78,0.0,150.65,0.0,1835.06
2024-01-02 18:00:00,70.82,1287.44,67.11,120.23,0.0,1545.6
2024-01-02 19:00:00,79.11,1676.21,53.5,174.24,0.0,1983.06
2024-01-02 20:00:00,90.28,1439.82,57.05,175.81,0.0,1762.96
2024-01-02 21:00:00,85.99,1766.35,56.13,161.59,0.0,2070.06
2024-01-02 22:00:00,52.11,1396.34,62.85,159.38,0.0,1670.68
2024-01-02 23:00:00,71.12,0.0,72.16,159.31,0.0,302.59
2024-01-03 00:00:00,74.34,0.0,63.46,165.76,0.0,303.56
2024-01-03 01:00:00,79.51,0.0,51.12,163.13,0.0,293.76
2024-01-03 02:00:00,74.54,0.0,60.47,128.11,0.0,263.12
2024-01-03 03:00:00,77.7,0.0,65.2,152.47,0.0,295.37
2024-01-03 04:00:00,89.22,0.0,66.42,133.12,0.0,288.76
2024-01-03 05:00:00,63.88,0.0,59.28,150.39,0.0,273.55
2024-01-03 06:00:00,75.49,0.0,0.0,156.7,0.0,232.19
2024-01-03 07:00:00,56.32,0.0,0.0,122.17,0.0,178.49
2024-01-03 08:00:00,59.62,0.0,0.0,126.34,519.83,705.79
2024-01-03 09:00:00,70.85,0.0,0.0,162.89,460.58,694.32
2024-01-03 10:00:00,88.03,1592.93,0.0,182.71,477.3,2340.97
2024-01-03 11:00:00,71.73,1511.14,0.0,135.34,445.62,2163.83
2024-01-03 12:00:00,79.95,1914.8,0.0,147.91,0.0,2142.66
2024-01-03 13:00:00,82.84,1405.42,0.0,143.83,0.0,1632.09
2024-01-03 14:00:00,80.01,1420.44,0.0,154.68,0.0,1655.13
2024-01-03 15:00:00,94.54,1373.52,0.0,96.61,0.0,1564.67
2024-01-03 16:00:00,73.45,1263.01,0.0,125.69,0.0,1462.15
2024-01-03 17:00:00,79.98,1116.09,0.0,167.68,0.0,1363.75
2024-01-03 18:00:00,97.25,1598.04,65.18,144.96,0.0,1905.43
2024-01-03 19:00:00,80.05,1471.35,54.26,134.05,0.0,1739.71
2024-01-03 20:00:00,77.61,1595.95,60.44,132.99,0.0,1866.99
2024-01-03 21:00:00,76.13,3820.2300000000005,70.57,143.96,0.0,4110.89
2024-01-03 22:00:00,93.57,1524.85,63.64,194.41,0.0,1876.47
2024-01-03 23:00:00,68.06,0.0,63.15,192.78,0.0,323.99
2024-01-04 00:00:00,77.56,0.0,58.11,128.99,0.0,264.66
2024-01-04 01:00:00,81.89,0.0,61.77,128.12,0.0,271.78
2024-01-04 02:00:00,73.23,0.0,56.39,148.42,0.0,278.04
2024-01-04 03:00:00,92.63,0.0,54.21,165.0,0.0,311.84
2024-01-04 04:00:00,88.99,0.0,58.9,145.93,0.0,293.82
2024-01-04 05:00:00,77.59,0.0,65.24,151.86,0.0,294.69
2024-01-04 06:00:00,69.22,0.0,0.0,159.95,0.0,229.17
2024-01-04 07:00:00,57.17,0.0,0.0,195.58,0.0,252.75
2024-01-04 08:00:00,93.69,0.0,0.0,129.64,474.39,697.72
2024-01-04 09:00:00,75.22,0.0,0.0,147.06,481.84,704.12
2024-01-04 10:00:00,75.29,1396.82,0.0,132.97,505.87,2110.95
2024-01-04 11:00:00,80.65,1569.83,0.0,143.77,501.83,2296.08
2024-01-04 12:00:00,66.11,1483.3,0.0,138.12,0.0,1687.53
2024-01-04 13:00:00,68.51,1558.25,0.0,194.06,0.0,1820.82
2024-01-04 14:00:00,61.09,1586.6,0.0,169.76,0.0,1817.45
2024-01-04 15:00:00,80.52,1712.44,0.0,160.1,0.0,1953.06
2024-01-04 16:00:00,53.26,1053.73,0.0,153.62,0.0,1260.61
2024-01-04 17:00:00,74.02,1799.57,0.0,156.34,0.0,2029.93
2024-01-04 18:00:00,64.26,1414.97,59.38,123.93,0.0,1662.54
2024-01-04 19:00:00,62.92,1775.62,57.47,192.07,0.0,2088.08
2024-01-04 20:00:00,69.17,1201.24,63.5,157.85,0.0,1491.76
2024-01-04 21:00:00,66.06,1577.77,64.78,173.14,0.0,1881.75
2024-01-04 22:00:00,58.04,1350.36,62.95,115.51,0.0,1586.86
2024-01-04 23:00:00,84.59,0.0,57.79,160.7,0.0,303.08
2024-01-05 00:00:00,63.8,0.0,61.38,161.9,0.0,287.08
2024-01-05 01:00:00,69.47,0.0,61.52,150.84,0.0,281.83
2024-01-05 02:00:00,91.01,0.0,56.08,150.45,0.0,297.54
2024-01-05 03:00:00,70.77,0.0,58.57,152.96,0.0,282.3
2024-01-05 04:00:00,70.15,0.0,50.86,124.74,0.0,245.75
2024-01-05 05:00:00,84.85,0.0,63.91,158.62,0.0,307.38
2024-01-05 06:00:00,84.2,0.0,0.0,175.7,0.0,259.9
2024-01-05 07:00:00,68.76,0.0,0.0,136.85,0.0,205.61
2024-01-05 08:00:00,79.79,0.0,0.0,169.23,437.22,686.24
2024-01-05 09:00:00,65.34,0.0,0.0,159.58,512.03,736.95
2024-01-05 10:00:00,55.73,1627.02,0.0,139.43,466.03,2288.21
2024-01-05 11:00:00,70.02,1371.06,0.0,157.45,483.07,2081.6
2024-01-05 12:00:00,81.77,1468.29,0.0,157.6,0.0,1707.66
2024-01-05 13:00:00,61.65,1392.54,0.0,146.54,0.0,1600.73
2024-01-05 14:00:00,81.86,1604.3,0.0,166.7,0.0,1852.86
2024-01-05 15:00:00,66.84,1357.11,0.0,160.62,0.0,1584.57
2024-01-05 16:00:00,75.98,1417.77,0.0,136.65,0.0,1630.4
2024-01-05 17:00:00,56.32,1189.85,0.0,120.91,0.0,1367.08
2024-01-05 18:00:00,60.61,1528.85,62.65,160.35,0.0,1812.46
2024-01-05 19:00:00,84.85,1502.52,52.52,137.33,0.0,1777.22
2024-01-05 20:00:00,71.37,1771.2,53.15,131.54,0.0,2027.26
2024-01-05 21:00:00,73.36,1580.98,58.06,136.42,0.0,1848.82
2024-01-05 22:00:00,88.84,1393.3,60.67,168.74,0.0,1711.55
2024-01-05 23:00:00,73.01,0.0,56.27,166.07,0.0,295.35
2024-01-06 00:00:00,67.34,0.0,60.09,193.83,0.0,321.26
2024-01-06 01:00:00,95.06,0.0,63.04,143.0,0.0,301.1
2024-01-06 02:00:00,77.39,0.0,54.69,157.51,0.0,289.59
2024-01-06 03:00:00,75.78,0.0,55.0,178.71,0.0,309.49
2024-01-06 04:00:00,80.6,0.0,60.66,167.3,0.0,308.56
2024-01-06 05:00:00,76.85,0.0,61.89,140.03,0.0,278.77
2024-01-06 06:00:00,72.83,0.0,0.0,112.3,0.0,185.13
2024-01-06 07:00:00,81.12,0.0,0.0,159.23,0.0,240.35
2024-01-06 08:00:00,75.1,0.0,0.0,137.05,535.51,747.66
2024-01-06 09:00:00,76.53,0.0,0.0,149.05,453.77,679.35
2024-01-06 10:00:00,66.48,1331.04,0.0,142.11,547.77,2087.4
2024-01-06 11:00:00,81.26,1319.29,0.0,169.0,472.42,2041.97
2024-01-06 12:00:00,82.55,1453.09,0.0,133.11,0.0,1668.75
2024-01-06 13:00:00,84.32,1597.81,0.0,139.42,0.0,1821.55
2024-01-06 14:00:00,81.56,1444.18,0.0,163.66,0.0,1689.4
2024-01-06 15:00:00,60.54,1457.07,0.0,116.85,0.0,1634.46
2024-01-06 16:00:00,77.53,1620.3,0.0,155.72,0.0,1853.55
2024-01-06 17:00:00,66.97,1638.86,0.0,144.1,0.0,1849.93
2024-01-06 18:00:00,84.74,1524.44,61.44,166.15,0.0,1836.77
2024-01-06 19:00:00,84.89,1316.65,59.95,155.28,0.0,1616.77
2024-01-06 20:00:00,70.97,1661.2,58.96,149.86,0.0,1940.99
2024-01-06 21:00:00,77.71,1430.5,57.72,123.07,0.0,1689.0
2024-01-06 22:00:00,59.65,1637.71,63.69,157.88,0.0,1918.93
2024-01-06 23:00:00,85.32,0.0,69.57,101.43,0.0,256.32
2024-01-07 00:00:00,63.58,0.0,54.88,144.21,0.0,262.67
2024-01-07 01:00:00,86.88,0.0,67.39,177.5,0.0,331.77
2024-01-07 02:00:00,79.69,0.0,55.46,164.33,0.0,299.48
2024-01-07 03:00:00,74.65,0.0,58.53,167.57,0.0,300.75
2024-01-07 04:00:00,69.71,0.0,52.05,140.71,0.0,262.47
2024-01-07 05:00:00,78.46,0.0,62.13,135.88,0.0,276.47
2024-01-07 06:00:00,57.48,0.0,0.0,160.27,0.0,217.75
2024-01-07 07:00:00,74.76,0.0,0.0,169.98,0.0,244.74
2024-01-07 08:00:00,58.06,0.0,0.0,155.32,481.65,695.03
2024-01-07 09:00:00,81.39,0.0,0.0,165.23,560.62,807.24
2024-01-07 10:00:00,72.27,1476.51,0.0,148.79,587.77,2285.34
2024-01-07 11:00:00,87.06,1142.96,0.0,140.11,501.66,1871.79
2024-01-07 12:00:00,82.69,1142.18,0.0,180.39,0.0,1405.26
2024-01-07 13:00:00,64.17,1084.81,0.0,152.29,0.0,1301.27
2024-01-07 14:00:00,93.33,1456.7,0.0,169.06,0.0,1719.09
2024-01-07 15:00:00,77.7,1712.01,0.0,159.81,0.0,1949.52
2024-01-07 16:00:00,69.67,1146.52,0.0,154.93,0.0,1371.12
2024-01-07 17:00:00,61.83,1514.27,0.0,145.57,0.0,1721.67
2024-01-07 18:00:00,65.61,1238.77,56.64,169.06,0.0,1530.08
2024-01-07 19:00:00,73.42,1559.04,60.89,109.76,0.0,1803.11
2024-01-07 20:00:00,78.44,1690.11,58.45,134.0,0.0,1961.0
2024-01-07 21:00:00,68.18,1492.1,45.75,169.77,0.0,1775.8
2024-01-07 22:00:00,80.28,1718.86,51.07,144.26,0.0,1994.47
2024-01-07 23:00:00,69.46,0.0,61.27,146.42,0.0,277.15
2024-01-08 00:00:00,71.85,0.0,50.6,155.31,0.0,277.76
2024-01-08 01:00:00,74.94,0.0,62.05,148.27,0.0,285.26
2024-01-08 02:00:00,56.42,0.0,59.32,183.34,0.0,299.08
2024-01-08 03:00:00,64.71,0.0,60.04,149.93,0.0,274.68
2024-01-08 04:00:00,77.19,0.0,59.28,131.31,0.0,267.78
2024-01-08 05:00:00,56.67,0.0,60.47,144.8,0.0,261.94
2024-01-08 06:00:00,81.11,0.0,0.0,148.21,0.0,229.32
2024-01-08 07:00:00,72.6,0.0,0.0,152.27,0.0,224.87
2024-01-08 08:00:00,85.86,0.0,0.0,155.5,515.72,757.08
2024-01-08 09:00:00,98.89,0.0,0.0,193.09,481.25,773.23
2024-01-08 10:00:00,82.39,1572.38,0.0,149.2,514.99,2318.96
2024-01-08 11:00:00,73.04,1474.49,0.0,132.57,460.28,2140.38
2024-01-08 12:00:00,72.17,1749.2,0.0,161.78,0.0,1983.15
2024-01-08 13:00:00,72.37,1545.39,0.0,173.37,0.0,1791.13
2024-01-08 14:00:00,93.28,1740.12,0.0,158.5,0.0,1991.9
2024-01-08 15:00:00,228.14999999999998,1434.4,0.0,162.51,0.0,1825.06
2024-01-08 16:00:00,75.12,1734.24,0.0,165.51,0.0,1974.87
2024-01-08 17:00:00,65.43,1708.24,0.0,146.91,0.0,1920.58
2024-01-08 18:00:00,70.16,1206.57,61.56,146.11,0.0,1484.4
2024-01-08 19:00:00,108.7,1585.22,66.79,172.0,0.0,1932.71
2024-01-08 20:00:00,71.14,1935.68,53.68,128.39,0.0,2188.89
2024-01-08 21:00:00,56.36,1576.82,68.24,151.85,0.0,1853.27
2024-01-08 22:00:00,73.78,1474.13,60.5,118.99,0.0,1727.4
2024-01-08 23:00:00,83.2,0.0,66.87,130.73,0.0,280.8
2024-01-09 00:00:00,70.85,0.0,58.68,158.76,0.0,288.29
2024-01-09 01:00:00,82.67,0.0,59.1,124.56,0.0,266.33
2024-01-09 02:00:00,83.87,0.0,63.33,161.72,0.0,308.92
2024-01-09 03:00:00,75.85,0.0,62.58,155.71,0.0,294.14
2024-01-09 04:00:00,89.07,0.0,61.94,133.32,0.0,284.33
2024-01-09 05:00:00,74.2,0.0,54.27,170.15,0.0,298.62
2024-01-09 06:00:00,65.18,0.0,0.0,124.73,0.0,189.91
2024-01-09 07:00:00,77.33,0.0,0.0,152.34,0.0,229.67
2024-01-09 08:00:00,75.25,0.0,0.0,156.92,470.28,702.45
2024-01-09 09:00:00,69.66,0.0,0.0,163.22,485.76,718.64
2024-01-09 10:00:00,91.83,1579.46,0.0,130.69,464.85,2266.83
2024-01-09 11:00:00,69.64,1413.47,0.0,171.02,522.04,2176.17
2024-01-09 12:00:00,73.58,1475.34,0.0,175.07,0.0,1723.99
2024-01-09 13:00:00,73.9,1277.31,0.0,141.27,0.0,1492.48
2024-01-09 14:00:00,71.51,1197.25,0.0,145.45,0.0,1414.21
2024-01-09 15:00:00,90.24,1498.88,0.0,121.44,0.0,1710.56
2024-01-09 16:00:00,54.94,1745.63,0.0,163.71,0.0,1964.28
2024-01-09 17:00:00,56.43,1743.78,0.0,157.76,0.0,1957.97
2024-01-09 18:00:00,72.3,1374.85,67.76,171.79,0.0,1686.7
2024-01-09 19:00:00,56.09,1386.38,58.96,141.42,0.0,1642.85
2024-01-09 20:00:00,62.41,1784.69,58.72,147.7,0.0,2053.52
2024-01-09 21:00:00,68.89,1639.02,55.74,159.55,0.0,1923.2
2024-01-09 22:00:00,78.54,1379.98,60.55,167.64,0.0,1686.71
2024-01-09 23:00:00,51.62,0.0,66.37,135.28,0.0,253.27
2024-01-10 00:00:00,77.22,0.0,57.28,177.81,0.0,312.31
2024-01-10 01:00:00,90.0,0.0,63.9,153.74,0.0,307.64
2024-01-10 02:00:00,76.35,0.0,49.5,153.09,0.0,278.94
2024-01-10 03:00:00,74.11,0.0,62.76,142.42,0.0,279.29
2024-01-10 04:00:00,95.49,0.0,55.59,147.16,0.0,298.24
2024-01-10 05:00:00,81.57,0.0,57.32,498.03,0.0,636.92
2024-01-10 06:00:00,73.83,0.0,0.0,150.83,0.0,224.66
2024-01-10 07:00:00,68.7,0.0,0.0,148.34,0.0,217.04
2024-01-10 08:00:00,76.86,0.0,0.0,157.74,467.35,701.95
2024-01-10 09:00:00,79.7,0.0,0.0,140.88,565.86,786.44
2024-01-10 10:00:00,69.96,1367.59,0.0,150.08,445.05,2032.68
2024-01-10 11:00:00,78.47,1376.13,0.0,171.03,455.12,2080.75
2024-01-10 12:00:00,67.02,1766.35,0.0,152.49,0.0,1985.86
2024-01-10 13:00:00,84.7,1503.92,0.0,158.02,0.0,1746.64
2024-01-10 14:00:00,83.58,1280.27,0.0,113.97,0.0,1477.82
2024-01-10 15:00:00,69.4,1772.73,0.0,129.55,0.0,1971.68
2024-01-10 16:00:00,83.66,1405.97,0.0,136.64,0.0,1626.27
2024-01-10 17:00:00,79.15,1236.76,0.0,164.04,0.0,1479.95
2024-01-10 18:00:00,70.11,1726.78,62.41,128.35,0.0,1987.65
2024-01-10 19:00:00,79.4,1479.67,63.66,183.2,0.0,1805.93
2024-01-10 20:00:00,64.54,1736.17,52.47,151.86,0.0,2005.04
2024-01-10 21:00:00,65.13,1600.85,62.23,152.29,0.0,1880.5
2024-01-10 22:00:00,71.54,1412.03,59.15,104.41,0.0,1647.13
2024-01-10 23:00:00,79.11,0.0,61.67,159.15,0.0,299.93
2024-01-11 00:00:00,67.04,0.0,62.3,149.27,0.0,278.61
2024-01-11 01:00:00,82.27,0.0,61.08,131.2,0.0,274.55
2024-01-11 02:00:00,67.08,0.0,66.11,134.21,0.0,267.4
2024-01-11 03:00:00,67.83,0.0,62.67,159.67,0.0,290.17
2024-01-11 04:00:00,88.82,0.0,63.79,163.42,0.0,316.03
2024-01-11 05:00:00,64.94,0.0,54.09,170.82,0.0,289.85
2024-01-11 06:00:00,81.56,0.0,0.0,155.34,0.0,236.9
2024-01-11 07:00:00,72.7,0.0,0.0,171.35,0.0,244.05
2024-01-11 08:00:00,80.72,0.0,0.0,176.12,470.35,727.19
2024-01-11 09:00:00,65.33,0.0,0.0,165.76,483.98,715.07
2024-01-11 10:00:00,59.47,1476.24,0.0,162.12,473.8,2171.63
2024-01-11 11:00:00,53.67,1514.04,0.0,190.14,537.45,2295.3
2024-01-11 12:00:00,78.58,1351.47,0.0,142.94,0.0,1572.99
2024-01-11 13:00:00,79.61,1407.65,0.0,155.83,0.0,1643.09
2024-01-11 14:00:00,60.77,1501.91,0.0,176.01,0.0,1738.69
2024-01-11 15:00:00,77.21,1619.32,0.0,189.66,0.0,1886.19
2024-01-11 16:00:00,80.96,1078.41,0.0,123.43,0.0,1282.8
2024-01-11 17:00:00,103.33,1625.94,0.0,160.24,0.0,1889.51
2024-01-11 18:00:00,75.88,1370.25,56.33,126.27,0.0,1628.73
2024-01-11 19:00:00,93.46,1364.9,59.24,160.3,0.0,1677.9
2024-01-11 20:00:00,76.51,1657.92,56.47,145.4,0.0,1936.3
2024-01-11 21:00:00,70.58,1549.3,52.5,177.86,0.0,1850.24
2024-01-11 22:00:00,90.59,1563.11,59.17,146.22,0.0,1859.09
2024-01-11 23:00:00,83.14,0.0,61.77,151.97,0.0,296.88
2024-01-12 00:00:00,65.85,0.0,47.96,178.1,0.0,291.91
2024-01-12 01:00:00,85.82,0.0,62.65,136.71,0.0,285.18
2024-01-12 02:00:00,69.33,0.0,61.18,171.04,0.0,301.55
2024-01-12 03:00:00,92.64,0.0,70.2,183.12,0.0,345.96
2024-01-12 04:00:00,84.21,0.0,53.25,159.07,0.0,296.53
2024-01-12 05:00:00,73.09,0.0,59.28,145.1,0.0,277.47
2024-01-12 06:00:00,65.73,0.0,0.0,138.44,0.0,204.17
2024-01-12 07:00:00,76.2,0.0,0.0,133.49,0.0,209.69
2024-01-12 08:00:00,74.57,0.0,0.0,183.51,572.11,830.19
2024-01-12 09:00:00,83.63,0.0,0.0,122.39,539.15,745.17
2024-01-12 10:00:00,83.92,1574.22,0.0,135.95,532.37,2326.46
2024-01-12 11:00:00,84.36,1561.35,0.0,105.32,1310.28,3061.31
2024-01-12 12:00:00,93.74,1315.91,0.0,461.43,0.0,1871.08
2024-01-12 13:00:00,87.84,1399.11,0.0,134.5,0.0,1621.45
2024-01-12 14:00:00,72.68,1317.8,0.0,134.53,0.0,1525.01
2024-01-12 15:00:00,78.12,1872.76,0.0,137.41,0.0,2088.29
2024-01-12 16:00:00,82.62,1242.45,0.0,205.34,0.0,1530.41
2024-01-12 17:00:00,57.1,1608.57,0.0,147.79,0.0,1813.46
2024-01-12 18:00:00,69.16,1234.11,60.37,150.56,0.0,1514.2
2024-01-12 19:00:00,59.73,1148.01,51.83,158.06,0.0,1417.63
2024-01-12 20:00:00,76.73,1389.35,71.35,155.51,0.0,1692.94
2024-01-12 21:00:00,75.22,1403.44,58.37,157.29,0.0,1694.32
2024-01-12 22:00:00,77.59,1577.08,54.88,163.68,0.0,1873.23
2024-01-12 23:00:00,93.48,0.0,63.9,146.96,0.0,304.34
2024-01-13 00:00:00,88.18,0.0,59.19,149.02,0.0,296.39
2024-01-13 01:00:00,65.01,0.0,49.7,158.95,0.0,273.66
2024-01-13 02:00:00,70.93,0.0,53.91,168.57,0.0,293.41
2024-01-13 03:00:00,63.27,0.0,66.74,141.04,0.0,271.05
2024-01-13 04:00:00,60.81,0.0,57.47,155.22,0.0,273.5
2024-01-13 05:00:00,70.73,0.0,56.71,159.4,0.0,286.84
2024-01-13 06:00:00,98.68,0.0,0.0,154.33,0.0,253.01
2024-01-13 07:00:00,64.43,0.0,0.0,101.61,0.0,166.04
2024-01-13 08:00:00,63.14,0.0,0.0,152.49,581.15,796.78
2024-01-13 09:00:00,88.15,0.0,0.0,164.52,493.76,746.43
2024-01-13 10:00:00,68.05,1462.31,0.0,175.82,488.54,2194.72
2024-01-13 11:00:00,89.43,1307.69,0.0,122.54,491.8,2011.46
2024-01-13 12:00:00,67.57,1454.03,0.0,153.95,0.0,1675.55
2024-01-13 13:00:00,61.76,1486.88,0.0,199.98,0.0,1748.62
2024-01-13 14:00:00,77.42,1610.92,0.0,113.1,0.0,1801.44
2024-01-13 15:00:00,72.35,1351.73,0.0,145.81,0.0,1569.89
2024-01-13 16:00:00,68.92,1223.51,0.0,116.22,0.0,1408.65
2024-01-13 17:00:00,79.84,1756.42,0.0,130.74,0.0,1967.0
2024-01-13 18:00:00,54.39,1275.65,57.04,171.59,0.0,1558.67
2024-01-13 19:00:00,86.14,1519.93,60.93,168.21,0.0,1835.21
2024-01-13 20:00:00,73.45,1226.62,61.3,154.23,0.0,1515.6
2024-01-13 21:00:00,93.39,1664.18,55.17,132.48,0.0,1945.22
2024-01-13 22:00:00,81.25,1317.88,55.33,152.29,0.0,1606.75
2024-01-13 23:00:00,83.51,0.0,60.19,155.45,0.0,299.15
2024-01-14 00:00:00,91.64,0.0,57.55,173.67,0.0,322.86
2024-01-14 01:00:00,71.22,0.0,63.67,149.7,0.0,284.59
2024-01-14 02:00:00,74.66,0.0,66.79,143.64,0.0,285.09
2024-01-14 03:00:00,102.94,0.0,61.15,159.59,0.0,323.68
2024-01-14 04:00:00,90.92,0.0,58.76,155.07,0.0,304.75
2024-01-14 05:00:00,58.45,0.0,55.91,131.25,0.0,245.61
2024-01-14 06:00:00,84.65,0.0,0.0,104.44,0.0,189.09
2024-01-14 07:00:00,89.93,0.0,0.0,144.98,0.0,234.91
2024-01-14 08:00:00,78.03,0.0,0.0,175.43,527.76,781.22
2024-01-14 09:00:00,94.67,0.0,0.0,131.62,441.95,668.24
2024-01-14 10:00:00,72.08,1391.25,0.0,159.94,526.97,2150.24
2024-01-14 11:00:00,63.13,1943.38,0.0,150.23,616.48,2773.22
2024-01-14 12:00:00,70.14,1566.55,0.0,163.71,0.0,1800.4
2024-01-14 13:00:00,91.35,1783.42,0.0,139.88,0.0,2014.65
2024-01-14 14:00:00,82.06,1591.88,0.0,165.58,0.0,1839.52
2024-01-14 15:00:00,92.73,1452.82,0.0,175.59,0.0,1721.14
2024-01-14 16:00:00,81.19,1563.26,0.0,179.2,0.0,1823.65
2024-01-14 17:00:00,72.13,1393.26,0.0,174.21,0.0,1639.6
2024-01-14 18:00:00,65.41,1533.79,57.6,149.03,0.0,1805.83
2024-01-14 19:00:00,74.57,1690.95,61.81,156.33,0.0,1983.66
2024-01-14 20:00:00,84.54,1405.3,57.89,167.19,0.0,1714.92
2024-01-14 21:00:00,82.39,1488.61,60.92,178.54,0.0,1810.46
2024-01-14 22:00:00,78.58,1049.04,58.26,130.8,0.0,1316.68
2024-01-14 23:00:00,61.94,0.0,50.13,120.72,0.0,232.79
2024-01-15 00:00:00,95.82,0.0,61.72,130.89,0.0,288.43
2024-01-15 01:00:00,72.33,0.0,56.32,174.43,0.0,303.08
2024-01-15 02:00:00,70.08,0.0,52.72,145.39,0.0,268.19
2024-01-15 03:00:00,94.98,0.0,57.34,152.14,0.0,304.46
2024-01-15 04:00:00,94.81,0.0,55.97,169.73,0.0,320.51
2024-01-15 05:00:00,86.53,0.0,53.39,137.96,0.0,277.88
2024-01-15 06:00:00,72.89,0.0,0.0,151.31,0.0,224.2
2024-01-15 07:00:00,62.18,0.0,0.0,134.25,0.0,196.43
2024-01-15 08:00:00,76.29,0.0,0.0,176.42,490.92,743.63
2024-01-15 09:00:00,61.42,0.0,0.0,142.34,547.68,751.44
2024-01-15 10:00:00,82.8,1683.66,0.0,172.73,461.64,2400.83
2024-01-15 11:00:00,81.36,2057.17,0.0,175.27,582.06,2895.86
2024-01-15 12:00:00,76.81,1601.57,0.0,136.3,0.0,1814.68
2024-01-15 13:00:00,63.32,1729.72,0.0,173.04,0.0,1966.08
2024-01-15 14:00:00,73.09,1548.48,0.0,158.95,0.0,1780.52
2024-01-15 15:00:00,86.26,1535.02,0.0,159.79,0.0,1781.07
2024-01-15 16:00:00,80.99,1403.75,0.0,168.8,0.0,1653.54
2024-01-15 17:00:00,99.21,1456.26,0.0,109.84,0.0,1665.31
2024-01-15 18:00:00,83.13,1626.69,58.01,110.95,0.0,1878.78
2024-01-15 19:00:00,97.11,1094.16,55.38,133.71,0.0,1380.36
2024-01-15 20:00:00,85.2,1528.88,69.08,148.13,0.0,1831.29
2024-01-15 21:00:00,93.51,1460.6,64.86,160.36,0.0,1779.33
2024-01-15 22:00:00,69.86,1469.34,60.7,151.85,0.0,1751.75
2024-01-15 23:00:00,65.73,0.0,54.73,176.59,0.0,297.05
2024-01-16 00:00:00,79.92,0.0,58.23,157.98,0.0,296.13
2024-01-16 01:00:00,83.23,0.0,58.91,137.36,0.0,279.5
2024-01-16 02:00:00,74.34,0.0,63.56,128.28,0.0,266.18
2024-01-16 03:00:00,67.87,0.0,64.13,127.61,0.0,259.61
2024-01-16 04:00:00,54.86,0.0,58.09,132.1,0.0,245.05
2024-01-16 05:00:00,75.25,0.0,53.77,132.77,0.0,261.79
2024-01-16 06:00:00,60.94,0.0,0.0,166.58,0.0,227.52
2024-01-16 07:00:00,65.64,0.0,0.0,131.14,0.0,196.78
2024-01-16 08:00:00,68.94,0.0,0.0,127.44,523.98,720.36
2024-01-16 09:00:00,72.49,0.0,0.0,176.0,446.55,695.04
2024-01-16 10:00:00,85.48,1368.71,0.0,151.25,520.86,2126.3
2024-01-16 11:00:00,85.44,1855.76,0.0,151.91,463.7,2556.81
2024-01-16 12:00:00,81.29,1677.45,0.0,111.37,0.0,1870.11
2024-01-16 13:00:00,69.36,1274.89,0.0,151.55,0.0,1495.8
2024-01-16 14:00:00,68.21,1226.26,0.0,142.08,0.0,1436.55
2024-01-16 15:00:00,68.8,1769.18,0.0,137.48,0.0,1975.46
2024-01-16 16:00:00,67.16,1257.88,0.0,168.82,0.0,1493.86
2024-01-16 17:00:00,90.55,1463.3,0.0,174.0,0.0,1727.85
2024-01-16 18:00:00,70.93,1428.6,57.55,564.27,0.0,2121.35
2024-01-16 19:00:00,81.31,1559.54,64.31,113.08,0.0,1818.24
2024-01-16 20:00:00,66.9,1395.96,62.46,170.32,0.0,1695.64
2024-01-16 21:00:00,66.38,1605.95,62.45,145.69,0.0,1880.47
2024-01-16 22:00:00,78.12,1432.52,65.52,159.26,0.0,1735.42
2024-01-16 23:00:00,75.1,0.0,67.33,143.46,0.0,285.89
2024-01-17 00:00:00,216.60000000000002,0.0,65.34,150.24,0.0,432.18
2024-01-17 01:00:00,89.66,0.0,62.66,133.06,0.0,285.38
2024-01-17 02:00:00,55.33,0.0,57.79,127.39,0.0,240.51
2024-01-17 03:00:00,72.91,0.0,59.65,188.63,0.0,321.19
2024-01-17 04:00:00,82.09,0.0,59.31,148.45,0.0,289.85
2024-01-17 05:00:00,79.48,0.0,68.21,157.78,0.0,305.47
2024-01-17 06:00:00,83.97,0.0,0.0,139.5,0.0,223.47
2024-01-17 07:00:00,80.29,0.0,0.0,170.92,0.0,251.21
2024-01-17 08:00:00,55.14,0.0,0.0,134.26,483.46,672.86
2024-01-17 09:00:00,73.32,0.0,0.0,178.16,500.39,751.87
2024-01-17 10:00:00,71.86,1319.68,0.0,140.6,510.36,2042.5
2024-01-17 11:00:00,76.53,1625.35,0.0,149.67,538.63,2390.18
2024-01-17 12:00:00,73.03,1517.07,0.0,171.73,0.0,1761.83
2024-01-17 13:00:00,72.1,1812.53,0.0,134.89,0.0,2019.52
2024-01-17 14:00:00,83.82,1632.5,0.0,135.53,0.0,1851.85
2024-01-17 15:00:00,71.71,1581.4,0.0,136.09,0.0,1789.2
2024-01-17 16:00:00,76.6,1611.02,0.0,142.42,0.0,1830.04
2024-01-17 17:00:00,72.8,1618.07,0.0,142.51,0.0,1833.38
2024-01-17 18:00:00,80.8,1665.72,57.21,164.96,0.0,1968.69
2024-01-17 19:00:00,87.69,1262.87,59.55,134.47,0.0,1544.58
2024-01-17 20:00:00,61.77,1597.96,65.08,117.09,0.0,1841.9
2024-01-17 21:00:00,75.2,1414.12,57.56,143.37,0.0,1690.25
2024-01-17 22:00:00,78.46,1626.57,61.01,455.66999999999996,0.0,2221.71
2024-01-17 23:00:00,62.49,0.0,58.22,149.58,0.0,270.29
2024-01-18 00:00:00,82.18,0.0,69.25,137.73,0.0,289.16
2024-01-18 01:00:00,68.05,0.0,56.31,136.59,0.0,260.95
2024-01-18 02:00:00,90.19,0.0,63.38,357.65999999999997,0.0,511.23
2024-01-18 03:00:00,88.69,0.0,66.68,184.58,0.0,339.95
2024-01-18 04:00:00,63.89,0.0,57.63,140.85,0.0,262.37
2024-01-18 05:00:00,59.26,0.0,56.42,129.44,0.0,245.12
2024-01-18 06:00:00,69.72,0.0,0.0,145.74,0.0,215.46
2024-01-18 07:00:00,67.67,0.0,0.0,171.37,0.0,239.04
2024-01-18 08:00:00,87.09,0.0,0.0,147.28,520.12,754.49
2024-01-18 09:00:00,81.6,0.0,0.0,155.36,457.42,694.38
2024-01-18 10:00:00,77.27,1447.5,0.0,161.14,455.57,2141.48
2024-01-18 11:00:00,57.33,1713.9,0.0,158.16,498.11,2427.5
2024-01-18 12:00:00,81.03,1440.58,0.0,163.83,0.0,1685.44
2024-01-18 13:00:00,51.29,1631.09,0.0,110.53,0.0,1792.91
2024-01-18 14:00:00,78.37,1556.46,0.0,140.08,0.0,1774.91
2024-01-18 15:00:00,58.36,1565.4,0.0,169.98,0.0,1793.74
2024-01-18 16:00:00,69.31,1542.62,0.0,102.38,0.0,1714.31
2024-01-18 17:00:00,75.85,1762.08,0.0,147.43,0.0,1985.36
2024-01-18 18:00:00,78.0,1444.04,64.94,148.61,0.0,1735.59
2024-01-18 19:00:00,69.0,1021.06,59.25,190.8,0.0,1340.11
2024-01-18 20:00:00,74.01,1414.01,67.43,139.6,0.0,1695.05
2024-01-18 21:00:00,73.6,1330.63,65.05,169.05,0.0,1638.33
2024-01-18 22:00:00,73.13,1313.21,56.35,136.56,0.0,1579.25
2024-01-18 23:00:00,86.6,0.0,58.75,160.52,0.0,305.87
2024-01-19 00:00:00,81.76,0.0,59.89,200.17,0.0,341.82
2024-01-19 01:00:00,88.8,0.0,60.31,140.87,0.0,289.98
2024-01-19 02:00:00,75.87,0.0,55.36,122.54,0.0,253.77
2024-01-19 03:00:00,76.65,0.0,61.12,140.15,0.0,277.92
2024-01-19 04:00:00,70.83,0.0,63.15,124.91,0.0,258.89
2024-01-19 05:00:00,76.41,0.0,52.29,169.18,0.0,297.88
2024-01-19 06:00:00,72.36,0.0,0.0,135.48,0.0,207.84
2024-01-19 07:00:00,93.54,0.0,0.0,170.84,0.0,264.38
2024-01-19 08:00:00,85.28,0.0,0.0,161.68,399.74,646.7
2024-01-19 09:00:00,58.72,0.0,0.0,158.41,529.22,746.35
2024-01-19 10:00:00,89.41,1064.47,0.0,192.17,508.99,1855.04
2024-01-19 11:00:00,68.12,1099.97,0.0,458.49,469.17,2095.75
2024-01-19 12:00:00,90.43,1679.99,0.0,149.27,0.0,1919.69
2024-01-19 13:00:00,87.71,1257.35,0.0,150.82,0.0,1495.88
2024-01-19 14:00:00,63.62,1477.63,0.0,173.74,0.0,1714.99
2024-01-19 15:00:00,63.38,1433.78,0.0,179.47,0.0,1676.63
2024-01-19 16:00:00,98.15,1256.27,0.0,133.86,0.0,1488.28
2024-01-19 17:00:00,77.55,1736.92,0.0,120.85,0.0,1935.32
2024-01-19 18:00:00,71.4,1473.99,65.43,167.58,0.0,1778.4
2024-01-19 19:00:00,88.17,1694.13,63.24,177.66,0.0,2023.2
2024-01-19 20:00:00,67.83,1482.76,58.2,147.23,0.0,1756.02
2024-01-19 21:00:00,93.98,1486.01,54.45,123.49,0.0,1757.93
2024-01-19 22:00:00,85.91,1684.65,60.15,163.91,0.0,1994.62
2024-01-19 23:00:00,77.09,0.0,57.52,162.67,0.0,297.28
2024-01-20 00:00:00,70.25,0.0,59.04,152.27,0.0,281.56
2024-01-20 01:00:00,85.21,0.0,56.21,136.36,0.0,277.78
2024-01-20 02:00:00,62.89,0.0,69.48,156.14,0.0,288.51
2024-01-20 03:00:00,100.3,0.0,64.63,111.43,0.0,276.36
2024-01-20 04:00:00,75.71,0.0,60.02,167.29,0.0,303.02
2024-01-20 05:00:00,81.95,0.0,53.32,133.67,0.0,268.94
2024-01-20 06:00:00,70.34,0.0,0.0,145.37,0.0,215.71
2024-01-20 07:00:00,79.56,0.0,0.0,142.76,0.0,222.32
2024-01-20 08:00:00,75.37,0.0,0.0,143.43,527.88,746.68
2024-01-20 09:00:00,70.02,0.0,0.0,160.57,473.52,704.11
2024-01-20 10:00:00,67.11,1554.82,0.0,136.99,518.53,2277.45
2024-01-20 11:00:00,81.3,1191.47,0.0,188.51,484.61,1945.89
2024-01-20 12:00:00,91.16,1667.86,0.0,203.09,0.0,1962.11
2024-01-20 13:00:00,74.34,1660.72,0.0,149.48,0.0,1884.54
2024-01-20 14:00:00,75.14,1683.04,0.0,106.03,0.0,1864.21
2024-01-20 15:00:00,74.62,1587.36,0.0,117.65,0.0,1779.63
2024-01-20 16:00:00,72.52,1516.73,0.0,137.01,0.0,1726.26
2024-01-20 17:00:00,83.65,1446.77,0.0,173.9,0.0,1704.32
2024-01-20 18:00:00,76.67,1905.24,56.79,159.93,0.0,2198.63
2024-01-20 19:00:00,72.93,1510.76,58.33,147.01,0.0,1789.03
2024-01-20 20:00:00,87.08,1368.04,60.34,139.3,0.0,1654.76
2024-01-20 21:00:00,86.4,1536.53,53.86,134.55,0.0,1811.34
2024-01-20 22:00:00,84.62,1703.89,56.77,154.85,0.0,2000.13
2024-01-20 23:00:00,73.92,0.0,65.48,196.73,0.0,336.13
2024-01-21 00:00:00,76.58,0.0,68.81,133.62,0.0,279.01
2024-01-21 01:00:00,69.03,0.0,56.3,190.62,0.0,315.95
2024-01-21 02:00:00,68.61,0.0,56.58,113.71,0.0,238.9
2024-01-21 03:00:00,79.49,0.0,56.07,202.42,0.0,337.98
2024-01-21 04:00:00,76.76,0.0,58.73,153.49,0.0,288.98
2024-01-21 05:00:00,67.03,0.0,59.54,151.0,0.0,277.57
2024-01-21 06:00:00,93.81,0.0,0.0,128.49,0.0,222.3
2024-01-21 07:00:00,67.11,0.0,0.0,105.43,0.0,172.54
2024-01-21 08:00:00,74.67,0.0,0.0,148.34,491.56,714.57
2024-01-21 09:00:00,71.76,0.0,0.0,135.84,420.03,627.63
2024-01-21 10:00:00,71.86,1453.76,0.0,134.77,559.56,2219.95
2024-01-21 11:00:00,88.21,1414.78,0.0,146.67,504.3,2153.96
2024-01-21 12:00:00,84.09,1720.17,0.0,158.9,0.0,1963.16
2024-01-21 13:00:00,83.51,1298.64,0.0,133.45,0.0,1515.6
2024-01-21 14:00:00,56.37,1545.56,0.0,172.67,0.0,1774.6
2024-01-21 15:00:00,81.84,1726.65,0.0,164.87,0.0,1973.36
2024-01-21 16:00:00,73.51,1735.45,0.0,155.72,0.0,1964.68
2024-01-21 17:00:00,73.72,1378.37,0.0,162.63,0.0,1614.72
2024-01-21 18:00:00,74.09,1630.24,70.52,183.61,0.0,1958.46
2024-01-21 19:00:00,73.73,1703.35,56.09,159.17,0.0,1992.34
2024-01-21 20:00:00,63.06,1295.12,63.72,171.84,0.0,1593.74
2024-01-21 21:00:00,77.11,1431.46,54.45,185.8,0.0,1748.82
2024-01-21 22:00:00,89.13,1530.03,57.43,128.06,0.0,1804.65
2024-01-21 23:00:00,63.68,0.0,59.46,168.86,0.0,292.0
2024-01-22 00:00:00,76.9,0.0,53.31,147.84,0.0,278.05
2024-01-22 01:00:00,91.48,0.0,62.99,155.26,0.0,309.73
2024-01-22 02:00:00,89.85,0.0,63.02,172.92,0.0,325.79
2024-01-22 03:00:00,84.76,0.0,62.76,136.42,0.0,283.94
2024-01-22 04:00:00,60.07,0.0,58.14,159.27,0.0,277.48
2024-01-22 05:00:00,86.72,0.0,51.19,123.16,0.0,261.07
2024-01-22 06:00:00,68.79,0.0,0.0,137.52,0.0,206.31
2024-01-22 07:00:00,80.65,0.0,0.0,150.13,0.0,230.78
2024-01-22 08:00:00,69.36,0.0,0.0,168.77,543.5,781.63
2024-01-22 09:00:00,253.41,0.0,0.0,144.93,457.63,855.97
2024-01-22 10:00:00,85.89,1578.27,0.0,164.41,477.12,2305.69
2024-01-22 11:00:00,78.46,1567.14,0.0,179.21,489.34,2314.15
2024-01-22 12:00:00,80.02,1327.29,0.0,158.46,0.0,1565.77
2024-01-22 13:00:00,69.55,1586.89,0.0,152.5,0.0,1808.94
2024-01-22 14:00:00,69.65,1431.8,0.0,160.52,0.0,1661.97
2024-01-22 15:00:00,84.45,1451.81,0.0,158.91,0.0,1695.17
2024-01-22 16:00:00,95.94,1733.35,0.0,162.3,0.0,1991.59
2024-01-22 17:00:00,82.89,1250.1,0.0,133.98,0.0,1466.97
2024-01-22 18:00:00,68.07,1144.78,58.92,124.79,0.0,1396.56
2024-01-22 19:00:00,72.58,1424.22,63.79,135.79,0.0,1696.38
2024-01-22 20:00:00,80.89,1407.7,57.35,171.31,0.0,1717.25
2024-01-22 21:00:00,78.35,1126.09,62.83,140.91,0.0,1408.18
2024-01-22 22:00:00,72.64,1325.54,61.25,118.84,0.0,1578.27
2024-01-22 23:00:00,77.4,0.0,61.68,104.37,0.0,243.45
2024-01-23 00:00:00,89.99,0.0,57.21,138.05,0.0,285.25
2024-01-23 01:00:00,75.81,0.0,58.74,167.97,0.0,302.52
2024-01-23 02:00:00,75.74,0.0,52.9,116.36,0.0,245.0
2024-01-23 03:00:00,79.06,0.0,58.63,123.56,0.0,261.25
2024-01-23 04:00:00,72.14,0.0,68.75,169.17,0.0,310.06
2024-01-23 05:00:00,89.32,0.0,63.85,116.1,0.0,269.27
2024-01-23 06:00:00,60.57,0.0,0.0,152.43,0.0,213.0
2024-01-23 07:00:00,71.91,0.0,0.0,150.43,0.0,222.34
2024-01-23 08:00:00,75.96,0.0,0.0,140.62,496.71,713.29
2024-01-23 09:00:00,76.74,0.0,0.0,186.57,332.97,596.28
2024-01-23 10:00:00,72.1,1617.75,0.0,163.66,508.97,2362.48
2024-01-23 11:00:00,72.68,1361.3,0.0,168.91,419.7,2022.59
2024-01-23 12:00:00,75.9,1541.5,0.0,178.69,0.0,1796.09
2024-01-23 13:00:00,62.98,1286.45,0.0,110.73,0.0,1460.16
2024-01-23 14:00:00,85.08,1317.7,0.0,138.99,0.0,1541.77
2024-01-23 15:00:00,97.29,1683.65,0.0,141.42,0.0,1922.36
2024-01-23 16:00:00,71.64,1670.31,0.0,159.78,0.0,1901.73
2024-01-23 17:00:00,76.83,1507.26,0.0,153.25,0.0,1737.34
2024-01-23 18:00:00,58.93,1765.06,69.38,135.58,0.0,2028.95
2024-01-23 19:00:00,58.03,1482.0,52.95,124.07,0.0,1717.05
2024-01-23 20:00:00,77.03,1606.52,66.48,121.61,0.0,1871.64
2024-01-23 21:00:00,73.92,1379.21,76.21,132.51,0.0,1661.85
2024-01-23 22:00:00,65.34,1511.78,62.1,172.25,0.0,1811.47
2024-01-23 23:00:00,82.37,0.0,56.85,144.37,0.0,283.59
2024-01-24 00:00:00,72.16,0.0,61.57,164.09,0.0,297.82
2024-01-24 01:00:00,52.47,0.0,61.21,148.07,0.0,261.75
2024-01-24 02:00:00,79.12,0.0,65.97,161.46,0.0,306.55
2024-01-24 03:00:00,75.86,0.0,59.23,142.92,0.0,278.01
2024-01-24 04:00:00,67.5,0.0,61.68,160.95,0.0,290.13
2024-01-24 05:00:00,83.92,0.0,50.17,135.78,0.0,269.87
2024-01-24 06:00:00,81.16,0.0,0.0,148.7,0.0,229.86
2024-01-24 07:00:00,74.81,0.0,0.0,145.32,0.0,220.13
2024-01-24 08:00:00,79.8,0.0,0.0,106.49,518.07,704.36
2024-01-24 09:00:00,76.12,0.0,0.0,139.56,477.67,693.35
2024-01-24 10:00:00,74.81,1465.76,0.0,164.19,570.3,2275.06
2024-01-24 11:00:00,74.04,1494.24,0.0,175.33,532.9,2276.51
2024-01-24 12:00:00,77.25,1353.34,0.0,99.78,0.0,1530.37
2024-01-24 13:00:00,73.24,1460.94,0.0,128.97,0.0,1663.15
2024-01-24 14:00:00,80.34,1378.03,0.0,160.12,0.0,1618.49
2024-01-24 15:00:00,73.97,1667.78,0.0,122.87,0.0,1864.62
2024-01-24 16:00:00,48.71,1283.08,0.0,110.32,0.0,1442.11
2024-01-24 17:00:00,56.28,1635.58,0.0,156.79,0.0,1848.65
2024-01-24 18:00:00,66.68,1458.46,59.22,120.38,0.0,1704.74
2024-01-24 19:00:00,61.79,1745.5,55.55,165.21,0.0,2028.05
2024-01-24 20:00:00,66.52,1299.11,57.77,136.1,0.0,1559.5
2024-01-24 21:00:00,71.68,1400.43,60.07,129.22,0.0,1661.4
2024-01-24 22:00:00,91.75,1431.24,64.59,167.02,0.0,1754.6
2024-01-24 23:00:00,76.87,0.0,193.17000000000002,143.18,0.0,413.22
2024-01-25 00:00:00,48.2,0.0,58.85,114.81,0.0,221.86
2024-01-25 01:00:00,75.43,0.0,67.9,153.41,0.0,296.74
2024-01-25 02:00:00,71.05,0.0,57.04,160.81,0.0,288.9
2024-01-25 03:00:00,78.82,0.0,181.95,142.19,0.0,402.96
2024-01-25 04:00:00,71.25,0.0,55.5,145.83,0.0,272.58
2024-01-25 05:00:00,72.61,0.0,61.79,110.79,0.0,245.19
2024-01-25 06:00:00,58.66,0.0,0.0,140.66,0.0,199.32
2024-01-25 07:00:00,73.69,0.0,0.0,154.66,0.0,228.35
2024-01-25 08:00:00,83.43,0.0,0.0,198.85,421.94,704.22
2024-01-25 09:00:00,83.54,0.0,0.0,125.34,457.68,666.56
2024-01-25 10:00:00,79.05,1763.77,0.0,139.71,475.95,2458.48
2024-01-25 11:00:00,72.34,1351.5,0.0,185.55,425.95,2035.34
2024-01-25 12:00:00,61.78,1409.13,0.0,170.09,0.0,1641.0
2024-01-25 13:00:00,67.47,1297.98,0.0,165.38,0.0,1530.83
2024-01-25 14:00:00,95.43,1296.22,0.0,126.61,0.0,1518.26
2024-01-25 15:00:00,59.8,1072.15,0.0,151.98,0.0,1283.93
2024-01-25 16:00:00,73.46,1207.69,0.0,118.77,0.0,1399.92
2024-01-25 17:00:00,55.66,1659.08,0.0,152.27,0.0,1867.01
2024-01-25 18:00:00,68.0,1319.39,56.91,144.11,0.0,1588.41
2024-01-25 19:00:00,71.98,1055.74,65.84,174.33,0.0,1367.89
2024-01-25 20:00:00,64.5,1672.85,70.07,145.85,0.0,1953.27
2024-01-25 21:00:00,66.49,1607.06,63.36,170.33,0.0,1907.24
2024-01-25 22:00:00,71.61,1323.91,56.49,125.31,0.0,1577.32
2024-01-25 23:00:00,82.55,0.0,68.65,150.41,0.0,301.61
2024-01-26 00:00:00,66.43,0.0,63.51,174.84,0.0,304.78
2024-01-26 01:00:00,85.22,0.0,59.09,138.01,0.0,282.32
2024-01-26 02:00:00,79.89,0.0,64.03,141.4,0.0,285.32
2024-01-26 03:00:00,76.15,0.0,57.99,158.96,0.0,293.1
2024-01-26 04:00:00,89.83,0.0,55.7,139.02,0.0,284.55
2024-01-26 05:00:00,88.57,0.0,61.52,207.39,0.0,357.48
2024-01-26 06:00:00,76.79,0.0,0.0,171.56,0.0,248.35
2024-01-26 07:00:00,99.15,0.0,0.0,170.58,0.0,269.73
2024-01-26 08:00:00,69.62,0.0,0.0,158.0,508.93,736.55
2024-01-26 09:00:00,78.29,0.0,0.0,130.47,523.84,732.6
2024-01-26 10:00:00,84.06,1641.78,0.0,144.93,575.95,2446.72
2024-01-26 11:00:00,90.99,1210.42,0.0,151.26,462.88,1915.55
2024-01-26 12:00:00,76.7,1233.23,0.0,133.94,0.0,1443.87
2024-01-26 13:00:00,69.86,1407.03,0.0,166.25,0.0,1643.14
2024-01-26 14:00:00,87.72,1498.75,0.0,158.09,0.0,1744.56
2024-01-26 15:00:00,54.4,1488.67,0.0,142.26,0.0,1685.33
2024-01-26 16:00:00,81.14,1703.29,0.0,136.64,0.0,1921.07
2024-01-26 17:00:00,78.5,1418.55,0.0,152.76,0.0,1649.81
2024-01-26 18:00:00,74.94,1092.36,56.0,140.37,0.0,1363.67
2024-01-26 19:00:00,93.69,1457.66,66.02,136.3,0.0,1753.67
2024-01-26 20:00:00,68.41,2051.27,58.65,156.13,0.0,2334.46
2024-01-26 21:00:00,75.66,1646.36,58.18,171.05,0.0,1951.25
2024-01-26 22:00:00,73.97,1580.49,52.68,167.96,0.0,1875.1
2024-01-26 23:00:00,66.96,0.0,63.2,161.71,0.0,291.87
2024-01-27 00:00:00,65.14,0.0,60.42,118.0,0.0,243.56
2024-01-27 01:00:00,84.35,0.0,65.46,125.04,0.0,274.85
2024-01-27 02:00:00,79.17,0.0,63.13,148.65,0.0,290.95
2024-01-27 03:00:00,88.64,0.0,63.42,169.33,0.0,321.39
2024-01-27 04:00:00,84.63,0.0,62.19,120.37,0.0,267.19
2024-01-27 05:00:00,82.28,0.0,55.44,167.09,0.0,304.81
2024-01-27 06:00:00,81.02,0.0,0.0,152.71,0.0,233.73
2024-01-27 07:00:00,63.48,0.0,0.0,113.85,0.0,177.33
2024-01-27 08:00:00,78.25,0.0,0.0,153.15,497.79,729.19
2024-01-27 09:00:00,82.15,0.0,0.0,129.95,497.78,709.88
2024-01-27 10:00:00,77.12,1567.27,0.0,164.02,545.85,2354.26
2024-01-27 11:00:00,72.39,1700.49,0.0,191.49,604.35,2568.72
2024-01-27 12:00:00,70.85,1310.44,0.0,142.95,0.0,1524.24
2024-01-27 13:00:00,78.16,1617.97,0.0,117.4,0.0,1813.53
2024-01-27 14:00:00,81.97,1460.7,0.0,179.24,0.0,1721.91
2024-01-27 15:00:00,66.96,1971.83,0.0,98.3,0.0,2137.09
2024-01-27 16:00:00,78.92,1454.33,0.0,158.92,0.0,1692.17
2024-01-27 17:00:00,85.1,1623.35,0.0,162.49,0.0,1870.94
2024-01-27 18:00:00,87.51,1384.25,63.06,148.25,0.0,1683.07
2024-01-27 19:00:00,62.09,1442.38,63.72,152.65,0.0,1720.84
2024-01-27 20:00:00,75.4,1720.88,63.58,133.65,0.0,1993.51
2024-01-27 21:00:00,72.56,1254.1,62.73,117.39,0.0,1506.78
2024-01-27 22:00:00,76.3,1270.53,50.04,150.6,0.0,1547.47
2024-01-27 23:00:00,72.25,0.0,65.51,158.78,0.0,296.54
2024-01-28 00:00:00,73.55,0.0,58.73,126.75,0.0,259.03
2024-01-28 01:00:00,85.87,0.0,56.41,113.43,0.0,255.71
2024-01-28 02:00:00,69.35,0.0,59.11,121.72,0.0,250.18
2024-01-28 03:00:00,73.38,0.0,66.65,104.96,0.0,244.99
2024-01-28 04:00:00,55.91,0.0,67.03,161.8,0.0,284.74
2024-01-28 05:00:00,67.21,0.0,57.35,163.78,0.0,288.34
2024-01-28 06:00:00,88.85,0.0,0.0,164.5,0.0,253.35
2024-01-28 07:00:00,85.56,0.0,0.0,141.21,0.0,226.77
2024-01-28 08:00:00,83.9,0.0,0.0,163.38,512.75,760.03
2024-01-28 09:00:00,71.85,0.0,0.0,139.73,502.09,713.67
2024-01-28 10:00:00,76.5,1427.28,0.0,170.78,531.2,2205.76
2024-01-28 11:00:00,76.84,1380.13,0.0,183.69,453.84,2094.5
2024-01-28 12:00:00,80.5,1647.34,0.0,154.06,0.0,1881.9
2024-01-28 13:00:00,63.38,1534.22,0.0,167.78,0.0,1765.38
2024-01-28 14:00:00,57.92,1494.79,0.0,135.39,0.0,1688.1
2024-01-28 15:00:00,72.1,1580.57,0.0,136.74,0.0,1789.41
2024-01-28 16:00:00,83.11,1332.43,0.0,129.29,0.0,1544.83
2024-01-28 17:00:00,65.04,1929.33,0.0,159.14,0.0,2153.51
2024-01-28 18:00:00,68.15,1430.25,55.86,132.47,0.0,1686.73
2024-01-28 19:00:00,81.72,1563.64,52.36,147.32,0.0,1845.04
2024-01-28 20:00:00,73.65,1676.06,60.22,129.43,0.0,1939.36
2024-01-28 21:00:00,72.03,1614.3,55.16,131.74,0.0,1873.23
2024-01-28 22:00:00,72.23,1626.16,63.16,138.96,0.0,1900.51
2024-01-28 23:00:00,72.37,0.0,55.85,120.45,0.0,248.67
2024-01-29 00:00:00,62.09,0.0,70.17,134.95,0.0,267.21
2024-01-29 01:00:00,67.61,0.0,54.33,171.7,0.0,293.64
2024-01-29 02:00:00,86.76,0.0,52.0,150.77,0.0,289.53
2024-01-29 03:00:00,66.01,0.0,63.95,175.39,0.0,305.35
2024-01-29 04:00:00,75.38,0.0,64.06,147.22,0.0,286.66
2024-01-29 05:00:00,67.2,0.0,56.13,147.77,0.0,271.1
2024-01-29 06:00:00,73.9,0.0,0.0,131.89,0.0,205.79
2024-01-29 07:00:00,53.91,0.0,0.0,125.06,0.0,178.97
2024-01-29 08:00:00,87.27,0.0,0.0,116.02,424.22,627.51
2024-01-29 09:00:00,105.01,0.0,0.0,142.61,499.69,747.31
2024-01-29 10:00:00,75.5,1601.26,0.0,119.15,436.46,2232.37
2024-01-29 11:00:00,96.68,1500.31,0.0,128.64,519.19,2244.82
2024-01-29 12:00:00,79.21,1561.1,0.0,181.34,0.0,1821.65
2024-01-29 13:00:00,64.37,1669.23,0.0,147.81,0.0,1881.41
2024-01-29 14:00:00,62.84,1487.03,0.0,131.61,0.0,1681.48
2024-01-29 15:00:00,76.37,1806.8,0.0,131.75,0.0,2014.92
2024-01-29 16:00:00,83.57,1527.85,0.0,177.48,0.0,1788.9
2024-01-29 17:00:00,98.72,1625.46,0.0,164.06,0.0,1888.24
2024-01-29 18:00:00,76.91,1396.9,54.84,154.53,0.0,1683.18
2024-01-29 19:00:00,65.52,1861.37,51.72,190.87,0.0,2169.48
2024-01-29 20:00:00,79.18,1386.13,51.44,155.84,0.0,1672.59
2024-01-29 21:00:00,83.29,1327.62,57.97,158.82,0.0,1627.7
2024-01-29 22:00:00,70.34,1775.33,62.27,142.92,0.0,2050.86
2024-01-29 23:00:00,81.14,0.0,59.18,143.55,0.0,283.87
2024-01-30 00:00:00,72.56,0.0,53.21,148.89,0.0,274.66
2024-01-30 01:00:00,80.66,0.0,61.24,191.23,0.0,333.13
2024-01-30 02:00:00,89.13,0.0,58.01,199.17,0.0,346.31
2024-01-30 03:00:00,80.51,0.0,60.76,155.6,0.0,296.87
2024-01-30 04:00:00,71.3,0.0,49.8,144.45,0.0,265.55
2024-01-30 05:00:00,80.83,0.0,59.47,155.38,0.0,295.68
2024-01-30 06:00:00,73.7,0.0,0.0,166.72,0.0,240.42
2024-01-30 07:00:00,80.02,0.0,0.0,165.25,0.0,245.27
2024-01-30 08:00:00,81.43,0.0,0.0,117.36,462.52,661.31
2024-01-30 09:00:00,69.74,0.0,0.0,157.96,521.62,749.32
2024-01-30 10:00:00,69.82,1384.86,0.0,150.92,505.17,2110.77
2024-01-30 11:00:00,79.2,1429.14,0.0,139.64,432.84,2080.82
2024-01-30 12:00:00,82.53,1234.82,0.0,160.68,0.0,1478.03
2024-01-30 13:00:00,66.65,1475.87,0.0,168.23,0.0,1710.75
2024-01-30 14:00:00,71.23,1605.34,0.0,151.71,0.0,1828.28
2024-01-30 15:00:00,67.88,1415.46,0.0,141.46,0.0,1624.8
2024-01-30 16:00:00,68.38,1240.63,0.0,151.4,0.0,1460.41
2024-01-30 17:00:00,75.54,1225.36,0.0,163.68,0.0,1464.58
2024-01-30 18:00:00,79.6,1461.96,58.95,140.55,0.0,1741.06
2024-01-30 19:00:00,81.13,1324.93,53.95,116.23,0.0,1576.24
2024-01-30 20:00:00,69.97,1633.25,54.71,131.74,0.0,1889.67
2024-01-30 21:00:00,82.84,1603.94,57.61,125.73,0.0,1870.12
2024-01-30 22:00:00,85.01,1408.6,56.43,137.73,0.0,1687.77
2024-01-30 23:00:00,58.37,0.0,55.83,148.68,0.0,262.88
